edad_cliente,tiempo_como_cliente_meses,ingresos_mensuales,visitas_mensuales_sitio_web,contactos,nivel_educativo,uso_tarjeta_credito,participa_en_promociones,calificacion_satisfaccion,descuento_promedio_usado,ventas_cliente
50,62,3450,6,0,4,0,1,4,0.26,371.17
49,7,2580,4,3,4,1,1,3,0.21,329.62
42,92,3090,6,1,4,0,1,3,0.29,589.01
30,119,3000,12,1,2,1,1,4,0.21,476.49
40,108,2840,4,1,1,1,0,5,0,460.06
32,108,4010,4,2,3,1,1,5,0.26,431.11
18,8,3240,7,2,2,1,1,4,0.05,281.05
29,38,2150,11,2,2,0,1,2,0.01,246.33
42,8,2250,6,0,4,1,0,4,0,145.87
27,8,3600,1,2,3,1,1,4,0.21,369.23
58,62,3020,4,3,2,0,1,2,0.13,375.05
60,92,2570,5,1,4,1,1,4,0.23,480.52
44,1,2480,7,0,1,1,0,3,0,293.95
64,74,3050,5,3,2,1,1,3,0.27,568.01
22,8,3410,8,0,3,1,1,5,0.05,334.61
33,2,3910,3,0,1,0,1,3,0.24,241.82
65,72,3030,9,1,4,0,1,2,0.04,529.76
50,97,3450,6,2,2,1,1,5,0.19,455.96
50,82,3370,4,1,4,0,1,4,0.13,429.99
37,81,2370,9,2,2,0,1,5,0.2,459.21
38,78,3490,3,0,4,1,1,5,0.14,373.3
30,28,2380,7,3,3,0,1,4,0.23,369.83
53,114,2800,2,1,3,0,1,4,0.23,599.71
29,4,3810,5,0,1,0,1,5,0.02,465.95
43,18,3150,3,2,1,0,1,4,0.29,352.48
49,94,2940,3,0,4,1,0,4,0,552.49
23,42,2110,3,1,4,0,0,2,0,368.49
42,47,4380,3,4,2,0,1,5,0.22,525.5
57,60,2760,5,4,3,0,1,4,0.2,460.02
36,76,3620,6,1,2,0,1,2,0.11,592.51
46,25,3800,7,1,3,0,1,4,0.29,619.6
58,19,950,4,4,3,0,1,4,0.12,215.61
29,75,3670,4,2,1,0,1,5,0.25,382.74
35,30,3980,5,1,4,1,1,1,0.06,311.15
58,105,3840,3,3,2,0,1,2,0.05,538.26
56,86,2470,2,2,2,1,1,4,0.17,308.66
33,81,1890,4,2,1,1,1,5,0.24,579.87
35,18,4440,4,2,2,1,1,1,0.12,438.11
23,56,3130,4,2,2,1,0,3,0,168.44
36,40,2570,9,2,2,1,1,1,0.16,396.58
41,7,2530,5,3,2,1,1,4,0.17,480.78
67,94,2640,8,1,2,0,1,4,0.09,617.46
37,59,1990,8,3,1,1,1,3,0.1,317.13
25,54,4230,2,1,2,1,1,1,0.16,473.21
54,12,3100,4,0,3,1,1,3,0.14,601.56
59,111,2440,4,3,2,0,1,5,0.23,428.94
39,12,3640,6,0,4,1,1,5,0.19,365.04
67,22,3220,6,3,1,0,1,3,0.16,368.69
60,38,3690,7,3,1,0,1,4,0.29,573.17
28,94,2210,3,2,2,0,1,2,0.23,486.87
43,54,1620,4,2,1,1,1,2,0.29,578.03
57,115,3420,3,2,3,1,1,5,0.13,618.43
45,35,2110,2,1,2,0,0,4,0,271.71
35,12,3140,5,3,2,0,1,1,0.24,331.66
22,24,2760,8,1,4,1,0,2,0,0.15
27,103,3980,1,1,2,1,1,5,0.23,560.82
69,31,2150,7,0,3,0,1,5,0.23,381.76
60,73,3220,4,1,3,0,1,5,0.21,499.14
18,23,3600,4,1,3,1,1,1,0.05,223.82
29,56,2400,4,3,4,0,1,5,0.19,361.43
56,55,1500,5,1,3,0,1,3,0.09,336.22
45,31,1330,8,2,4,0,1,4,0.27,481.52
54,87,2830,4,1,2,1,0,4,0,402.39
47,23,4060,7,2,2,1,1,1,0.13,538.06
53,6,3440,6,1,2,1,1,4,0.02,278.97
55,48,1390,3,4,4,1,1,3,0.26,454.46
25,49,2980,6,3,1,0,1,5,0.06,431.16
30,83,2780,6,2,2,1,1,4,0.25,459.84
64,74,2420,6,1,4,1,1,1,0.14,598.43
65,47,1980,6,0,3,1,1,4,0.23,433.86
56,39,2720,6,2,4,0,1,2,0.14,337.2
25,78,2540,6,0,4,1,1,3,0.05,444.93
51,90,2870,5,1,1,1,1,4,0.02,707.58
65,108,2640,5,6,4,0,1,4,0.07,515.57
22,33,4580,2,2,1,1,0,3,0,353.9
38,9,4070,4,2,3,1,1,3,0,327.25
62,92,1810,3,1,2,0,1,2,0.28,502.44
31,11,3070,2,2,3,1,1,3,0.02,359.57
32,73,2820,8,3,1,1,0,4,0,400.9
63,44,3720,5,6,3,0,0,4,0,394.59
45,96,2780,6,3,4,1,1,4,0.04,512.42
19,95,4230,6,5,1,1,1,4,0.24,638.91
51,24,3420,1,2,3,1,1,4,0.18,443.33
25,77,2470,6,5,2,1,0,2,0,343.96
66,23,2460,3,4,1,0,1,1,0.18,536.77
59,33,4720,6,4,2,1,1,4,0.29,666.81
23,76,2880,6,1,4,0,1,3,0.16,381
39,41,3100,8,1,3,1,1,4,0.07,377.45
20,103,2470,3,2,4,0,1,4,0.07,554.33
60,109,3730,7,4,3,1,1,4,0.12,711.92
65,12,2330,4,2,1,0,1,4,0.05,505.2
56,52,3530,2,1,2,0,1,2,0.1,515.77
27,95,1100,6,2,1,1,1,5,0.28,523.04
51,112,3380,5,0,4,1,1,4,0.11,621.51
62,99,3360,8,1,1,0,0,5,0,580.57
54,38,3130,6,1,4,0,1,4,0.24,587.5
67,116,3570,3,0,3,1,1,5,0.29,700.93
23,104,3000,3,2,4,1,1,2,0.22,629.05
36,25,2710,2,2,4,0,1,2,0.08,451.44
37,118,3070,5,1,3,1,1,3,0.13,603.15
24,20,2680,8,2,2,1,1,4,0.01,233.32
69,116,2030,2,3,3,1,1,2,0.12,484.07
23,77,3840,5,1,3,0,1,2,0.2,498.13
68,13,2800,6,2,2,1,1,4,0.2,533.36
44,91,2980,9,2,1,0,1,4,0.19,645.05
61,65,2170,5,0,4,1,1,2,0.01,352.69
69,116,2900,7,3,1,0,1,4,0.15,568.66
24,78,3490,4,3,1,1,1,5,0.29,472.09
67,104,2900,6,3,4,1,1,3,0.07,618.07
59,104,3530,10,4,4,1,0,4,0,641.78
45,67,2190,2,3,1,1,0,3,0,232.3
21,116,3450,9,0,4,0,1,3,0.23,664.97
42,56,3060,4,4,3,0,1,2,0.1,436.56
40,103,3230,4,0,3,1,1,4,0.19,771.13
65,107,1910,4,1,1,1,1,4,0.16,585
26,62,3440,1,0,1,1,1,1,0.3,504.14
69,47,2930,6,3,3,0,1,3,0.12,502.86
51,54,3610,5,0,3,1,0,5,0,521.66
48,94,3340,0,0,3,1,1,5,0.2,385.27
47,103,2710,4,3,2,0,1,1,0.01,410.89
60,61,1900,8,4,1,1,1,3,0.23,532.45
62,71,3400,7,0,4,0,1,4,0.16,549.85
40,71,4580,8,1,1,0,1,5,0.12,670.99
66,112,3200,1,2,3,1,1,4,0.01,419.62
18,31,3210,5,1,1,1,1,4,0.27,280.75
58,13,2730,7,1,4,1,1,4,0.06,523.33
59,115,2670,7,4,3,1,1,5,0.07,491.15
45,17,3390,4,4,4,0,1,4,0.2,386.06
51,24,2470,3,3,3,1,1,2,0.29,351.6
63,93,1270,6,1,3,1,1,1,0.06,517.16
54,36,2780,6,3,3,0,1,5,0.17,377.94
22,12,2010,3,0,4,1,1,4,0.06,330.25
57,106,3170,1,2,2,0,1,3,0.15,380.02
58,88,3770,6,2,4,0,1,4,0.21,499.48
33,16,2900,5,1,1,0,1,3,0.14,490.18
57,111,3030,4,1,3,0,1,4,0.26,669.53
60,19,3250,8,2,1,1,1,5,0.02,198.67
59,113,4160,1,1,3,0,0,4,0,739.85
33,84,3180,8,5,3,0,0,2,0,276.6
60,58,2740,5,2,4,1,1,4,0.09,546.01
38,110,2900,1,3,3,1,1,4,0.15,552.47
22,79,3600,6,2,2,0,0,3,0,257.06
55,4,4040,4,2,2,0,1,3,0.15,423.36
35,50,2820,3,2,3,0,1,5,0.29,272.05
44,6,2790,6,3,3,1,1,2,0.05,222.61
63,112,3990,2,4,4,0,1,5,0.07,644.74
59,68,2910,2,1,4,1,1,3,0.11,466.25
39,82,3310,6,0,4,1,0,1,0,535.78
28,76,3620,5,1,1,1,1,2,0.12,464.47
33,82,3330,5,2,1,0,1,5,0.05,482.95
40,114,2920,3,2,4,1,1,1,0.08,696.43
43,102,2210,3,1,2,1,0,4,0,405.64
58,55,4180,7,2,1,1,1,4,0.15,589.78
61,112,1860,4,1,1,1,1,5,0,697.82
50,109,4100,4,3,4,1,1,1,0.03,641.12
48,13,3650,5,2,1,0,1,4,0.1,215.31
39,91,2570,10,2,2,1,1,4,0.17,443.33
67,100,4160,5,3,4,0,1,2,0.23,589.36
20,83,2420,4,2,1,1,1,3,0.25,559.19
41,58,4430,2,3,4,1,1,4,0.1,352.51
51,100,2550,5,3,3,1,0,1,0,488.79
62,101,1970,6,0,4,1,1,5,0.01,607.27
30,24,2690,4,2,4,0,0,5,0,322.03
65,61,1940,6,2,1,0,1,5,0.09,385.32
50,11,2140,4,1,3,1,1,1,0.06,234.86
31,1,2980,7,1,2,0,1,3,0.25,482.39
27,106,2850,6,0,2,0,1,3,0.23,391.27
31,61,2140,6,0,2,0,0,5,0,252.75
55,21,2630,5,0,2,0,1,2,0.04,353.77
48,44,2430,5,3,2,0,1,3,0.02,300.26
44,39,1030,3,1,3,0,1,1,0.24,384.68
40,111,2130,7,1,3,0,0,3,0,432.06
35,50,3830,4,1,1,0,0,2,0,284.77
47,47,2720,6,0,1,0,0,5,0,275.51
63,41,2770,0,1,4,1,1,2,0.25,371.21
45,76,2790,5,0,3,0,1,4,0.27,502.19
38,10,2020,7,0,4,1,1,3,0.02,363.17
34,109,2610,5,1,2,0,1,2,0.15,521.88
66,6,4130,5,6,4,0,1,3,0.01,346.06
27,73,3210,4,2,1,1,0,4,0,386.64
41,42,2330,6,1,2,0,1,3,0.16,405.64
28,62,2480,5,1,2,0,1,3,0.12,504.37
47,63,4060,2,4,2,1,1,4,0.23,474.55
43,43,2890,7,2,4,1,1,3,0.07,536.33
67,13,2460,4,5,3,1,1,4,0.24,489.24
24,1,2060,7,2,3,1,1,4,0.05,380.65
22,111,3740,6,4,3,0,1,3,0.13,270.6
22,50,4320,5,1,1,1,1,3,0.29,560.06
47,3,2620,2,0,2,0,1,2,0.12,277.71
28,75,2860,8,3,1,0,1,2,0.27,558.83
67,105,3210,6,3,3,0,1,5,0.27,577.54
50,37,2680,3,3,4,1,1,2,0.19,321.08
54,51,2720,5,1,3,1,0,1,0,313.33
62,101,2970,5,4,2,0,0,5,0,448.22
67,38,3950,7,2,2,1,1,4,0.13,422.47
23,61,2790,8,1,1,1,1,2,0.02,297.61
30,1,2760,2,4,1,0,1,5,0.03,196.01
28,6,3270,8,0,2,0,1,4,0.16,331.31
48,59,2430,5,2,2,1,1,3,0.06,433
58,106,2480,4,4,2,1,1,3,0.18,638.33
30,11,4660,10,3,3,0,1,4,0.29,517.58
31,106,2390,1,3,3,0,0,3,0,444.87
48,6,2810,2,4,3,1,1,1,0.11,431.6
33,111,3500,4,1,4,0,0,2,0,300.77
55,117,1930,6,3,2,1,1,4,0.04,563.85
31,113,1750,7,1,2,1,1,4,0.22,363.95
51,25,2370,3,4,3,0,1,1,0.05,449.64
31,52,3620,1,3,4,1,1,2,0.23,342.33
42,67,2860,3,0,1,0,1,5,0.15,490.34
33,7,2080,4,4,4,1,1,5,0.01,138.49
60,75,3350,5,0,1,1,1,4,0.06,646.36
56,76,2440,8,4,2,1,1,4,0.24,627.12
57,92,3540,3,1,4,1,1,2,0.19,477.14
65,82,4310,4,1,4,1,0,4,0,407.2
52,100,3100,2,3,2,0,0,4,0,366.15
67,33,3420,6,0,1,0,1,4,0.17,429.55
58,65,3300,1,2,2,1,1,4,0.12,264.98
24,74,3290,5,1,1,1,1,4,0.08,425.86
54,44,2840,9,2,2,0,0,4,0,349.21
18,2,4410,3,1,1,1,1,4,0.29,145.81
37,117,3430,5,1,3,1,1,2,0.25,685.35
46,63,3160,5,3,4,0,1,4,0.02,396.13
68,27,3760,5,2,4,0,1,5,0.08,519.38
39,119,3810,8,4,1,1,1,3,0.27,682.64
24,4,4770,5,1,1,1,1,4,0.08,337.73
53,108,3680,2,3,4,1,0,4,0,464.61
53,98,2980,3,2,2,0,1,2,0.04,293.14
31,7,3190,3,2,4,0,1,4,0.27,267.83
38,76,3710,1,0,1,1,1,3,0.05,391.89
39,42,2490,4,1,4,0,1,1,0.25,394.36
43,17,1910,2,0,4,1,1,4,0.22,545.62
27,35,4120,1,4,4,1,1,4,0.09,439.83
47,38,2580,10,3,4,0,1,3,0.19,451.31
51,88,2820,1,0,4,0,1,4,0.18,359.18
42,24,1530,5,0,3,0,1,4,0.11,383.25
57,115,4080,6,1,3,0,1,4,0.03,506.99
59,73,2220,7,1,3,1,1,3,0.28,583.2
46,54,3350,6,1,2,0,1,2,0.14,315.58
55,49,2700,6,2,3,0,1,4,0.13,464.04
24,71,2480,4,2,1,1,1,5,0.03,356.72
60,62,3350,5,2,4,1,1,2,0.27,605.68
37,4,2590,3,1,3,0,0,4,0,252.3
56,36,2940,6,3,4,1,1,4,0.27,551.74
36,28,3040,5,1,4,1,1,4,0.29,376.73
19,48,1920,4,1,3,0,1,5,0.2,425.67
20,81,5010,6,0,3,1,1,3,0.14,490.43
51,97,3280,2,3,1,0,1,5,0.24,660.53
45,21,4500,6,3,1,1,1,4,0.14,555.21
53,64,2500,4,4,3,0,1,2,0.2,349.91
52,101,2780,5,3,4,0,0,3,0,433.25
56,43,3450,11,2,2,1,1,3,0.13,508.95
41,35,5120,6,2,4,0,1,2,0.03,546.38
22,44,2200,5,3,2,1,1,4,0.12,455.45
18,39,2690,9,1,1,1,1,1,0.22,457.44
67,77,3900,1,3,1,1,1,1,0.26,459.41
60,51,2690,2,3,2,0,0,4,0,359.19
29,108,2160,2,3,4,0,1,4,0.29,327.78
27,108,3420,11,1,1,0,1,5,0.28,509.93
52,91,2100,4,0,3,1,1,5,0.15,547.63
19,51,3100,6,0,4,0,1,1,0.27,533.31
68,23,3160,6,3,2,1,0,4,0,598.18
19,65,3860,5,1,4,0,1,4,0.14,445.98
36,63,800,6,2,1,1,1,4,0.18,480.78
25,57,2130,6,1,2,0,1,4,0.12,513.48
49,67,2820,5,2,1,0,1,4,0.24,384.52
56,39,2320,5,0,2,1,1,4,0.1,523.6
35,68,2310,5,3,2,1,1,4,0.13,508.01
65,39,2940,8,2,2,1,0,4,0,529.57
20,74,3330,3,2,4,1,1,4,0.19,294.37
35,16,2700,2,1,2,1,1,4,0.21,345.48
60,9,3500,2,1,3,0,1,4,0.02,271.99
31,54,3000,2,3,1,0,1,3,0.1,199.44
24,78,2170,7,2,4,1,1,3,0.15,347.15
68,93,4190,6,3,2,0,1,5,0,572.64
33,17,3210,1,0,4,0,1,3,0.3,358.81
64,97,2030,9,4,4,1,1,5,0.19,567.54
67,78,2690,5,2,3,1,1,4,0.06,513.81
65,54,3600,1,4,1,0,1,4,0.02,492.43
19,36,3670,5,0,4,0,1,5,0.15,164.7
40,11,4340,3,4,1,0,0,4,0,285.93
46,28,3950,3,2,4,0,1,4,0.24,433.22
34,49,2810,5,2,4,0,1,5,0.21,339.77
47,106,2990,5,3,3,1,1,4,0.28,498.83
61,7,3790,5,3,2,1,1,3,0.08,282.48
51,30,1730,6,2,3,1,1,4,0.12,193.23
45,48,3990,8,2,2,1,1,3,0.1,620.46
29,18,3750,4,1,1,1,0,3,0,355.27
24,52,2810,3,2,1,0,1,3,0.02,353.99
43,49,1490,8,4,4,0,1,5,0.28,448.82
60,36,4290,8,1,3,1,1,5,0.19,463.15
45,58,2930,6,4,1,0,1,3,0.16,628.02
37,72,3770,5,3,1,0,1,2,0.3,393.91
43,42,1540,4,0,3,0,0,5,0,338.31
65,108,3910,5,1,3,1,1,1,0.13,738.61
54,57,4810,4,1,1,0,0,5,0,415.18
49,70,4600,7,1,1,0,1,1,0.24,471.56
61,66,2990,8,5,2,1,1,4,0.3,574.35
61,99,3930,5,3,2,1,0,3,0,524.21
49,58,2680,9,4,4,0,1,3,0.04,582.13
48,102,2420,5,1,2,1,1,4,0.05,433.84
46,95,2060,8,3,2,0,1,5,0.08,564.07
35,88,3450,3,2,3,1,1,4,0.27,526.12
29,109,2370,4,1,3,1,1,1,0.27,454.3
39,40,2180,3,4,2,1,0,1,0,320.31
26,24,4050,5,4,2,1,1,4,0.26,273.21
23,54,3730,4,4,2,0,1,3,0.11,309.29
27,102,1960,5,1,4,1,1,3,0.04,431.37
36,66,2940,6,3,2,0,1,4,0.13,571.47
68,26,1880,2,1,1,1,1,5,0.03,416.22
20,53,4220,7,4,4,0,0,1,0,432.13
49,85,3870,7,3,3,0,1,3,0.23,419.57
36,61,1940,6,2,1,1,0,3,0,340.62
51,98,2310,2,3,4,1,1,4,0.21,610.73
21,12,3580,5,2,4,0,1,3,0.11,414.91
40,101,3090,9,1,1,1,1,3,0.27,672.32
66,103,1480,3,3,3,0,1,1,0.16,476.22
62,63,2590,4,0,3,1,1,4,0.11,425.58
68,35,3700,2,1,3,1,1,3,0.11,303.11
20,65,2540,2,4,2,0,0,4,0,233.37
55,35,3150,5,1,3,1,1,4,0.06,538.96
52,109,3520,4,2,2,1,1,1,0.21,603.56
19,36,3300,3,3,2,1,1,3,0.02,241.08
20,75,4440,3,1,4,1,1,5,0.16,527.31
36,14,2390,4,2,2,0,0,4,0,439.59
34,87,3500,4,1,3,0,1,4,0.15,666.27
60,15,3560,5,3,4,1,1,2,0.11,337.93
57,65,1890,2,2,3,0,1,3,0.23,485.13
20,69,3830,7,1,4,1,1,2,0.25,504.87
54,105,3010,1,0,1,1,1,1,0.13,650.76
45,92,3990,7,3,2,1,1,5,0.06,532.06
59,92,2190,4,0,4,1,1,5,0.2,708.93
30,65,2740,2,2,1,0,1,3,0.18,447.06
25,87,3790,3,2,4,1,1,5,0.11,504.56
66,22,2820,5,2,4,0,1,4,0.13,340.97
57,40,4430,8,2,1,1,1,5,0.27,647.99
18,41,3660,3,2,4,0,0,4,0,279.83
64,44,2440,9,1,1,0,1,4,0.2,441.19
69,53,2730,4,0,3,1,1,4,0.1,567.89
57,95,3840,2,6,3,0,1,3,0.29,563.62
32,37,3090,5,0,1,0,1,4,0.29,286.1
24,57,3020,8,5,2,1,1,1,0.15,491.31
62,68,3180,6,2,1,1,1,3,0.06,548.85
52,74,2460,3,7,3,1,1,4,0.18,421.84
55,4,3630,6,3,1,0,1,4,0.19,318.6
44,64,4140,4,0,3,0,1,1,0.2,578.43
24,64,2210,10,1,3,0,1,4,0.3,655.6
20,56,2200,3,1,2,0,0,4,0,260.64
23,38,1990,8,5,1,1,1,4,0.12,267.33
42,118,2930,3,1,1,1,1,3,0.25,516.41
45,59,4240,8,1,3,1,1,1,0.08,363.46
62,23,2140,3,1,2,0,1,4,0.24,620.2
44,61,1840,3,4,2,1,1,4,0.19,350.44
40,7,3040,3,1,1,0,1,5,0.09,414.94
44,78,2230,7,2,2,0,1,2,0.01,615.24
40,11,3210,8,0,4,0,1,5,0.23,397.28
28,7,3460,6,5,3,0,0,3,0,266.43
43,16,3960,6,4,3,1,1,5,0.07,548.6
51,15,2090,2,1,1,1,1,5,0.05,371.39
63,109,1850,9,3,2,0,1,2,0.28,515.32
37,65,3180,9,3,3,1,1,4,0.17,359.87
51,95,2340,8,1,4,0,0,3,0,633.93
21,35,3860,6,1,4,0,1,3,0.21,562.74
37,77,2040,9,3,4,1,1,4,0.2,468.6
37,42,1230,3,5,2,0,1,3,0.21,213.04
21,54,2400,3,4,1,1,1,4,0.18,437.89
60,64,3100,8,0,3,1,1,2,0.09,403.31
22,39,2320,4,3,3,1,1,1,0.04,244.19
42,94,3770,1,2,1,0,1,4,0.06,476.39
60,105,3620,2,2,4,0,0,5,0,483.57
61,88,2310,1,0,3,1,1,4,0.25,483.94
30,1,3590,4,4,3,0,0,5,0,177.1
48,42,2860,3,1,3,1,0,1,0,433.92
37,2,2980,6,1,4,0,1,2,0.17,254.14
60,101,3090,2,0,1,1,0,5,0,271.62
40,84,4520,5,3,2,0,1,2,0.27,833.22
59,72,2290,6,2,2,1,1,3,0.13,335.84
36,99,2700,2,5,4,1,1,4,0.25,555.11
35,3,2410,3,3,2,1,1,3,0.05,417.88
56,78,1550,5,2,3,0,1,3,0.04,445.85
31,69,2760,5,1,3,0,1,4,0.2,500.56
36,50,3860,5,0,3,1,1,5,0.26,538.95
30,4,3490,4,1,3,0,1,5,0.08,347.4
22,28,2100,6,1,2,0,1,3,0.18,384.12
37,95,2240,5,2,4,0,1,4,0.04,472.76
44,51,3850,6,2,4,0,1,3,0.24,400.78
20,103,2010,7,2,4,0,1,4,0.01,386.03
68,6,3220,7,2,4,1,1,2,0.06,205.87
51,57,1960,6,4,4,1,1,5,0.18,622.13
40,5,2680,3,1,1,1,1,4,0.25,416.48
30,36,3150,5,3,2,1,1,3,0.06,277.21
46,110,2590,5,1,2,1,1,1,0.04,384.31
37,4,2860,4,0,2,0,1,3,0.2,281.06
24,64,2630,2,1,2,0,1,3,0.07,413.55
32,74,2210,3,3,4,0,1,1,0.24,586.24
45,92,4330,3,2,4,0,1,2,0.01,402.4
19,2,3560,6,0,3,0,1,3,0.01,225.83
52,58,3390,1,2,4,0,0,3,0,359.06
51,70,2430,6,2,4,1,1,5,0.1,478.61
68,14,3450,4,0,1,1,1,3,0.23,658.28
59,76,2520,2,1,2,1,1,4,0.09,585.43
57,27,3590,2,0,2,1,1,3,0.26,466.19
59,116,4180,3,3,1,1,1,4,0.07,619.66
44,44,2160,6,2,1,0,1,5,0.28,245.44
65,81,3380,7,2,3,1,1,4,0.03,426.18
62,59,2320,6,1,1,0,1,4,0.05,520.67
26,58,2340,7,2,2,0,1,2,0.19,360.57
59,73,4170,8,1,2,1,1,3,0.22,549.81
52,38,3360,2,5,4,0,1,5,0.3,484.19
68,20,2540,10,1,2,1,1,3,0.09,492.11
34,84,2650,5,4,3,1,1,1,0.13,314.63
35,22,4430,8,1,2,0,1,4,0.18,538.93
68,92,3190,5,1,2,0,1,5,0.17,675.4
46,116,4020,4,4,1,0,1,1,0.25,415.71
36,61,1620,4,4,2,1,1,4,0.02,441.05
38,108,2570,5,3,1,0,1,5,0.27,485.88
25,78,3970,7,2,4,0,1,2,0.07,435.46
53,111,3650,4,1,2,0,1,4,0.05,483.63
54,106,4230,2,0,2,0,1,3,0.05,511.39
53,37,3430,4,2,3,1,1,5,0.03,450.07
62,58,3490,7,1,1,1,1,3,0.14,414.59
33,79,4210,3,0,1,0,1,1,0.04,307.63
52,9,1440,3,1,1,0,0,4,0,132.57
25,27,1970,8,0,4,0,0,4,0,277.81
51,102,3600,4,2,2,1,1,3,0.04,648.58
67,117,3790,2,6,1,1,1,5,0.21,581.97
23,73,2740,6,1,2,0,1,3,0.09,261.34
27,13,3130,6,2,1,1,1,5,0.19,482.15
32,70,3230,2,4,4,0,1,2,0.29,504.38
62,91,3380,5,1,1,1,0,1,0,618.96
22,52,3640,8,4,4,1,1,4,0.18,378.05
67,89,2670,3,1,2,1,1,3,0.23,635.87
48,97,2500,6,0,3,1,1,5,0.22,421.74
50,103,2270,5,3,3,0,1,4,0.26,345.23
48,96,2790,4,1,3,0,0,4,0,444.9
40,64,4570,8,2,3,1,1,2,0.25,515.09
37,15,2720,5,3,3,1,1,5,0.15,312
59,91,2520,8,1,2,1,1,4,0.01,523.26
55,68,3580,5,2,4,1,1,4,0.09,500.15
60,27,3350,2,2,3,0,1,1,0.05,449.64
57,35,3260,3,3,3,0,1,3,0.28,545.5
40,47,4320,6,1,4,1,1,1,0.11,426.92
56,79,3130,5,3,2,0,0,3,0,452.23
36,71,2960,5,2,2,1,1,2,0.01,481.38
27,101,2470,7,2,2,0,1,4,0.05,472.84
35,4,3390,4,1,1,0,0,5,0,262.9
21,67,2400,7,1,1,0,1,4,0.22,484.34
68,28,3270,8,3,3,1,1,3,0.17,407.13
28,24,2720,8,0,2,1,1,5,0.02,458.76
27,79,2790,9,4,1,1,1,5,0.06,375.43
61,118,4540,4,0,1,0,0,2,0,713.46
26,112,1770,4,2,4,1,1,4,0.01,510.46
40,91,3060,3,2,4,1,1,4,0.18,539.97
59,67,3590,0,2,2,0,1,5,0,541.29
63,21,3050,12,2,4,1,0,4,0,390.64
65,49,3590,5,5,2,0,0,4,0,574.97
46,62,2580,4,1,4,0,1,2,0.28,474.69
49,65,1760,6,0,1,1,1,2,0.04,391.81
38,80,1130,5,1,3,0,1,4,0.23,520.73
69,115,3160,8,3,2,1,1,4,0.28,605.76
38,89,3440,3,2,3,0,1,5,0.17,684.76
29,66,1590,5,4,4,1,1,2,0.22,362.99
50,12,2970,8,1,1,1,1,3,0.18,341.59
26,87,2730,3,3,1,1,1,2,0.04,275.13
36,97,3490,5,1,4,0,1,4,0.22,543.59
30,114,2560,4,2,3,0,1,5,0.07,287.49
19,91,3280,5,1,4,0,1,4,0.17,339.29
35,90,3800,4,3,2,0,1,5,0.06,415.24
59,78,3800,8,2,4,0,1,4,0.29,674.31
56,38,3350,8,5,1,0,0,4,0,426.64
57,56,2110,6,3,4,0,0,3,0,335.75
18,44,2820,4,1,2,0,1,3,0,264.72
55,43,2410,2,2,4,1,1,4,0.12,498.99
69,72,3140,6,4,3,0,1,4,0.2,552.36
51,70,3860,9,0,1,0,1,5,0.04,670.4
42,117,3290,3,2,3,0,1,5,0.09,684.13
67,104,2690,7,1,4,0,0,5,0,643.08
38,4,3490,3,1,1,0,0,3,0,348.08
64,5,1930,3,2,4,0,1,5,0.16,296.13
46,50,2990,5,1,1,0,1,1,0.06,454.07
21,40,2930,10,3,3,0,1,1,0.25,181.56
44,17,3070,6,0,2,1,1,4,0.21,398.36
36,68,3610,4,0,2,1,1,3,0.23,621.3
49,57,3180,3,3,2,0,1,3,0.3,430.37
35,71,2260,8,2,1,1,1,2,0.09,575.32
32,105,4150,5,2,3,0,1,5,0.15,674.26
69,64,3080,3,0,1,1,1,4,0.13,566.41
25,59,2840,5,3,2,1,1,4,0.03,407.9
69,116,4240,4,3,3,0,1,5,0.22,697.06
27,16,3220,5,2,2,0,1,2,0.26,332.93
30,45,2460,5,3,3,1,1,4,0.24,296.18
22,8,4130,1,0,2,1,1,5,0.13,436.58
40,37,3430,6,2,4,0,1,3,0.23,473.41
27,112,2720,5,1,3,0,1,5,0.22,447.53
30,62,3610,5,4,1,1,1,3,0.11,464.09
45,19,2430,2,4,4,0,1,1,0.14,316.66
46,17,2750,4,2,3,0,1,3,0.23,383.27
55,116,3110,2,1,3,0,0,2,0,317.99
44,51,3440,8,3,3,1,1,5,0.27,548.65
31,38,3550,3,1,2,0,1,3,0.07,409.43
42,92,3920,7,2,4,0,0,5,0,443.98
43,117,2490,6,1,3,1,1,3,0.29,810.28
68,114,2590,3,3,1,1,0,1,0,511.93
41,27,2310,8,5,3,1,0,2,0,408.02
52,100,2290,7,0,1,1,1,5,0.02,602.13
48,111,1400,3,2,3,1,1,4,0.26,542.77
47,24,3230,5,1,2,0,0,4,0,155.8
47,10,3620,5,1,3,1,1,2,0.12,270.63
59,68,2590,2,1,4,0,1,1,0.05,541.83
52,17,4820,6,0,3,1,1,2,0.09,399.65
32,72,1870,2,0,3,1,0,4,0,316.09
66,26,4240,1,0,3,0,0,3,0,130.36
54,118,3010,7,1,1,0,1,4,0.1,477.58
61,25,2460,6,4,4,1,1,3,0,431.95
68,29,2710,5,0,3,1,0,5,0,329.12
23,6,2720,7,4,4,0,1,2,0.29,380.68
24,96,2400,7,3,4,1,1,1,0.01,382.99
45,40,1830,3,1,2,0,1,1,0.22,240.29
57,12,2990,9,4,4,0,1,5,0.28,405.03
23,76,2590,7,3,2,1,1,4,0.13,473.05
64,97,3260,4,4,1,0,1,3,0.12,521.99
65,68,2160,9,1,1,1,1,4,0.15,338.52
69,47,2750,8,2,4,1,1,4,0.23,532.01
36,21,3330,5,0,2,0,0,4,0,270.6
28,118,2890,2,0,3,1,1,2,0.21,666.94
59,50,2710,2,0,1,1,1,4,0.11,649.55
26,103,2080,8,2,1,0,1,3,0.19,389.65
64,71,2220,7,0,1,0,1,5,0.11,636.2
60,71,2200,2,2,1,1,1,1,0.09,274.19
59,116,3770,5,2,1,0,1,4,0.05,382.66
23,42,2570,7,2,1,0,1,4,0.06,311.49
69,46,3620,3,2,4,1,1,5,0.12,396.67
51,10,3990,8,1,3,0,1,3,0.27,577.27
57,49,1820,9,3,3,1,0,3,0,383.7
61,96,2540,1,1,1,0,1,5,0,554.73
65,71,3910,4,0,1,0,1,1,0.12,596.31
29,54,1930,10,2,3,1,1,5,0.17,278.17
27,100,3110,6,4,3,0,1,3,0.11,231.81
64,48,3750,4,2,1,0,1,4,0.18,657.21
38,118,3990,4,1,2,0,1,3,0.27,548.39
67,42,3090,6,1,2,1,1,5,0.22,420.86
24,97,2230,4,1,4,0,1,3,0.22,541.67
64,97,3470,4,1,4,1,1,3,0.26,606.28
62,88,3350,2,5,3,0,1,5,0.28,697.05
38,28,3180,3,3,4,0,1,3,0.29,487.45
37,85,3590,6,3,4,1,1,1,0.15,466.65
50,79,1750,8,1,2,1,0,4,0,339.47
67,110,3150,5,3,1,1,1,2,0.29,535.67
25,28,2510,3,4,3,1,1,4,0.16,-5.68
42,22,800,7,0,2,1,1,5,0.09,363.17
19,94,3650,5,1,1,1,1,2,0.2,622.02
20,103,2580,5,3,2,0,1,3,0.22,501.69
46,34,3240,4,2,2,0,1,3,0.11,292.03
63,107,2670,6,3,3,1,1,1,0.22,623.85
33,50,3320,4,1,4,1,1,4,0.09,447.27
29,18,2740,6,1,2,1,0,4,0,334.3
51,119,3110,9,2,1,1,1,4,0.03,682.7
31,75,3120,5,3,4,1,1,1,0.09,315.97
36,45,3120,4,1,1,1,1,1,0.08,129.05
24,1,3050,5,1,1,0,1,3,0.11,134.39
67,119,2840,8,2,1,1,1,3,0.28,754.01
31,4,4200,9,2,3,0,1,4,0.23,420.34
57,20,3060,5,0,1,0,1,4,0.26,557.36
22,59,3140,4,0,1,1,1,4,0.24,491.52
26,84,2400,6,0,4,1,0,5,0,415.81
55,66,4280,3,2,2,1,1,4,0.07,408.16
50,67,1900,2,3,4,1,0,1,0,385.57
50,78,2600,3,2,1,0,1,2,0.12,365.34
23,57,1240,4,2,2,1,1,4,0.04,295.77
55,86,2110,7,2,2,0,1,5,0.23,675.79
56,2,2410,4,2,3,1,1,4,0.14,288.4
19,48,2140,7,4,3,0,1,3,0.11,254.7
57,9,3450,5,2,2,0,1,4,0.06,646.52
66,3,3050,10,3,1,0,1,4,0.04,362.7
21,52,3410,5,1,2,0,0,5,0,332.22
52,30,2760,4,2,4,0,0,3,0,405.59
69,46,3380,4,1,1,0,1,5,0.13,623.32
67,87,2670,4,1,4,1,1,4,0.22,592.76
63,43,5020,2,1,2,1,1,5,0.19,573.22
39,72,4040,8,0,3,1,1,4,0.11,633.5
51,87,2350,5,5,3,0,1,4,0.04,429.51
28,80,2960,6,2,4,1,1,4,0.03,403.32
31,63,1910,1,3,1,1,1,2,0.14,220.03
52,108,3950,2,3,2,1,1,3,0.27,784.04
34,32,3200,8,3,4,1,1,1,0.14,318.16
19,106,3610,5,1,3,0,1,5,0.03,444.77
32,53,3550,6,3,2,1,1,4,0.11,475.69
64,86,3290,3,2,2,1,1,1,0.05,413.08
62,35,3630,4,0,3,1,1,3,0.16,526.66
23,18,2280,7,2,2,0,1,3,0.05,375.63
48,82,3860,3,0,1,0,1,1,0.13,408.5
48,40,3370,3,2,2,0,1,3,0.11,563.69
66,21,3390,4,1,3,1,1,3,0.28,311.18
46,111,3750,7,2,4,0,0,3,0,553.08
52,82,2210,2,4,3,0,1,2,0.26,377.52
64,89,2920,7,0,3,1,1,3,0.07,370.21
33,110,4090,6,0,1,0,1,2,0.27,573.63
67,60,3630,6,2,1,0,1,1,0.14,489.17
66,110,2790,6,2,4,1,1,4,0.26,686.27
21,119,2680,7,2,2,1,1,5,0.2,625.44
31,47,2750,7,4,3,0,1,4,0.13,500.42
58,93,2230,4,2,2,0,1,3,0.04,504.85
39,44,3570,8,3,3,1,1,5,0.23,646.35
34,60,4000,10,2,1,0,1,5,0.1,590.95
31,43,2600,5,0,2,0,1,4,0.1,305.07
33,84,3610,5,3,2,1,1,2,0.26,495.67
57,106,4840,4,3,4,0,0,4,0,636.73
21,111,4460,6,4,4,1,1,5,0.04,330.8
30,107,2930,7,2,1,1,1,1,0.22,462.83
32,22,2920,4,2,3,1,1,5,0.19,423.48
18,20,1900,3,2,2,0,1,4,0.2,285.52
48,77,3850,8,2,2,1,1,2,0.21,599.97
37,27,2530,7,4,2,1,1,1,0.13,47.16
32,48,2700,6,1,4,0,1,4,0.14,405.83
31,25,2590,0,2,3,1,1,4,0.1,442.89
45,35,2230,4,1,3,0,1,5,0.27,436.23
22,43,2850,7,3,3,1,0,5,0,381.52
28,85,3390,8,6,4,1,1,3,0.14,618.16
61,30,3150,2,3,3,0,1,4,0,386.18
44,85,2510,2,2,1,1,1,4,0.11,463.06
48,27,1950,4,1,1,1,1,4,0.15,394.84
35,74,2570,6,4,3,1,0,1,0,276.16
25,63,3630,6,2,4,1,1,5,0.12,410.39
51,48,3280,5,3,3,0,1,4,0.18,353.32
27,9,2460,4,2,4,1,0,4,0,363
65,18,1810,5,1,3,0,1,2,0.03,458.46
62,34,1620,4,1,4,0,1,3,0.16,356.84
37,88,3890,3,0,1,1,1,5,0.19,332.04
62,10,4190,4,2,3,0,1,5,0.15,454.48
36,27,5130,6,4,3,0,1,3,0.05,534.29
20,72,3490,2,3,1,0,1,4,0.29,336.59
62,16,2400,8,1,4,0,1,2,0.02,338.82
38,16,4680,7,3,3,0,1,4,0.18,454.75
67,2,3460,3,5,3,1,1,4,0.09,496.67
63,116,2480,3,1,4,1,1,1,0.19,646.69
22,117,3770,5,3,2,1,1,5,0,566.86
68,108,3650,1,0,4,1,1,2,0.04,548.96
37,53,2970,5,1,1,0,1,2,0.17,240.91
59,87,2700,3,2,4,1,1,3,0.05,455.26
44,23,3500,8,1,4,0,1,1,0.22,443.65
68,49,3230,5,2,4,0,1,3,0.08,479.56
52,18,2960,4,1,1,0,1,5,0.27,349.41
50,31,4580,3,1,4,0,1,4,0.13,309.83
51,24,2700,7,1,1,1,1,4,0.08,539.62
61,41,4000,1,1,4,0,0,2,0,360.22
27,51,1810,5,1,3,1,0,4,0,325.28
47,98,3900,2,2,3,0,0,4,0,588.33
56,46,2460,4,3,2,0,1,1,0.11,457.36
60,69,3470,3,3,4,1,1,1,0.15,752.61
20,44,3850,4,0,3,1,1,5,0.04,232.61
68,83,3770,3,1,3,0,1,4,0.24,534.07
32,67,4100,6,1,1,0,1,4,0.19,564.75
24,52,2340,2,1,1,0,0,1,0,159.54
21,11,3230,4,2,4,1,1,5,0.08,386.74
66,53,3960,1,0,4,0,0,4,0,457.19
44,24,2670,4,3,3,1,1,4,0,363.42
69,7,3200,8,4,2,0,1,1,0.06,291
20,1,1240,5,0,4,0,0,1,0,174.04
27,42,4950,5,1,4,1,1,3,0.06,351.61
18,5,2880,4,2,4,1,1,5,0.14,242.26
65,107,2180,5,0,4,1,1,1,0.26,581.92
31,56,3600,2,1,1,1,1,3,0.22,441.96
38,85,2820,7,2,1,0,1,2,0.03,452.98
55,58,3210,2,2,4,1,1,5,0.24,499.56
52,79,2940,3,4,3,1,1,3,0.19,672.84
51,83,3750,7,0,4,0,1,2,0.17,507.88
40,4,3530,6,0,2,1,1,4,0.27,392.29
52,103,3310,6,1,1,1,1,5,0.02,592.72
37,102,1720,3,1,1,0,1,2,0.22,370.26
20,99,3570,7,1,1,0,1,4,0.1,500.95
51,45,1660,9,2,2,0,1,4,0.17,355.93
60,53,2120,8,0,4,1,0,3,0,339.66
36,45,3010,5,2,3,1,1,2,0.12,376.03
25,11,2620,4,4,3,1,1,5,0.28,248.76
66,104,2750,6,0,2,1,1,4,0.05,691.12
35,61,2680,9,4,4,0,1,1,0.12,417.39
31,86,3590,2,1,2,1,1,3,0.05,466.75
28,58,3390,5,2,2,0,0,2,0,339.11
55,60,2840,8,2,3,1,1,5,0.03,587.81
44,83,1780,5,4,3,1,1,5,0,416.89
26,51,3470,5,1,4,0,0,1,0,329.74
51,30,4490,5,1,3,0,1,4,0.08,444.24
67,110,2730,3,2,3,1,1,2,0.14,641.59
35,85,3540,7,1,1,1,1,4,0.13,532.41
44,6,2540,4,2,1,0,1,2,0.26,358.76
50,9,2750,5,4,1,1,1,4,0.04,428.62
43,10,3340,6,2,3,0,0,5,0,303.96
56,50,3070,4,1,2,1,1,5,0.05,407.44
31,98,3420,5,1,3,1,1,5,0.26,397.92
60,51,3030,3,2,1,0,1,2,0.01,471.39
67,8,2660,7,0,4,0,1,2,0,201.64
46,56,3610,3,5,1,1,1,2,0.17,628.93
65,83,2190,7,1,1,1,1,4,0.08,611.2
57,94,3220,7,3,3,1,1,4,0.05,594.55
28,112,3590,8,7,1,1,1,1,0.09,553.24
43,101,3020,5,1,4,0,1,4,0.07,359.4
23,20,3430,5,3,2,1,1,4,0.15,333.09
49,18,3570,4,2,3,1,1,4,0.03,459.77
18,75,3140,1,1,3,0,1,4,0.19,339.55
61,94,2000,4,1,1,1,0,5,0,349.77
69,88,3130,6,1,1,0,1,3,0.07,601.44
59,97,3480,6,2,3,0,1,4,0.3,542.6
21,9,3190,2,3,3,0,1,2,0.02,86.33
48,83,2920,8,3,3,1,1,4,0.13,331.42
26,46,3380,5,0,4,1,1,4,0.01,414.68
21,117,2470,6,2,4,0,0,4,0,534.02
34,107,3500,2,3,4,1,1,3,0,572.54
51,6,4190,3,3,2,0,1,4,0.23,503.77
62,118,2220,2,3,3,1,1,4,0.28,640.67
33,59,3200,6,1,4,0,1,5,0.28,630.25
46,91,3850,4,3,3,0,1,3,0.25,383.15
34,115,2310,3,3,4,1,1,5,0.06,568.12
44,45,2910,7,2,2,0,1,3,0.1,515.02
62,19,2990,0,0,2,1,0,2,0,152.25
58,58,2900,3,1,1,1,1,1,0.1,536.58
66,24,2460,6,2,1,1,1,3,0.26,456.72
55,15,2240,4,3,2,1,1,3,0.1,386.93
32,102,4590,6,3,1,0,1,5,0.18,417.92
18,22,3820,5,3,1,0,1,4,0.02,286.8
35,12,3350,5,0,4,1,1,3,0.1,476.66
51,13,4640,3,4,2,1,1,4,0.22,390.82
58,7,4030,4,2,3,0,1,5,0.2,368.34
69,58,2530,8,1,3,0,1,1,0.1,450.4
54,8,3930,3,2,3,1,1,4,0.23,305.99
24,34,2580,9,3,1,1,1,2,0.1,218.32
24,82,4680,5,4,4,0,1,2,0.04,559.65
47,101,3410,4,0,1,0,1,4,0.19,590.92
31,86,2740,9,2,1,1,1,5,0.19,439.47
57,91,3020,4,1,1,1,1,4,0.03,579.11
24,70,4130,6,2,1,0,1,3,0.16,551.7
41,97,4350,4,4,3,0,0,3,0,448.13
67,62,4610,5,3,4,1,1,1,0.26,455.81
24,97,3740,5,4,3,1,1,2,0.16,442.24
33,74,3220,4,2,4,0,1,5,0.15,374.2
23,43,4370,3,0,2,0,1,4,0.21,393.13
39,105,4030,4,2,4,1,1,1,0.14,420.43
58,38,2610,7,3,1,1,1,3,0.01,365.04
63,61,3130,5,1,2,0,1,5,0.11,502.58
28,80,3170,4,0,4,1,1,5,0.14,523.21
58,51,2560,7,2,1,1,1,4,0.01,303.95
31,104,2450,5,2,1,1,0,4,0,312.92
63,19,3130,6,3,4,1,1,2,0.14,541.52
33,34,3010,8,0,1,0,1,4,0.17,494.25
38,1,2940,5,2,2,0,0,4,0,450.13
19,106,3380,3,1,3,1,0,1,0,431.65
44,30,2520,4,2,2,0,1,1,0.17,333.21
27,11,3020,3,1,4,1,1,2,0.07,406.68
61,115,3680,2,3,1,0,1,1,0.22,583.85
36,23,2640,3,2,4,1,1,5,0.18,385.84
63,10,4450,8,0,3,1,1,3,0.19,544.82
25,57,2730,4,2,2,0,1,4,0.17,293.16
25,26,3570,5,4,4,0,0,3,0,179.04
19,88,2300,4,2,1,0,1,2,0.28,314.23
36,72,2110,2,3,2,1,0,2,0,517.02
21,49,2680,3,5,4,0,1,4,0.23,296.6
66,8,3280,4,1,3,0,0,2,0,267.02
35,96,3320,6,1,3,0,1,4,0.06,573.96
19,95,2890,5,0,4,0,1,5,0.01,531.75
45,50,3570,5,0,1,0,1,1,0.27,547.81
34,63,2010,3,2,1,1,1,2,0.25,502.16
37,66,1520,6,4,2,1,1,3,0.27,426.74
20,13,2500,7,7,2,0,0,5,0,252.51
22,3,3930,6,1,1,1,0,4,0,257.44
51,119,2270,2,7,4,1,1,5,0.01,490.29
59,82,2590,2,5,2,0,1,5,0.04,478.99
32,24,3580,8,3,3,0,1,3,0.21,276.78
32,48,2770,5,1,1,0,0,4,0,370.1
36,28,2310,6,2,1,1,1,2,0.18,351.91
32,73,2180,4,4,3,0,0,2,0,407.68
22,84,2510,5,1,3,0,1,4,0.05,212.93
18,3,2870,3,2,4,1,0,4,0,357.01
25,16,3700,3,6,4,0,1,2,0.23,285.82
67,108,3480,5,3,2,1,1,5,0.22,745.83
43,109,3090,11,1,4,0,1,3,0.05,440.63
39,11,3540,4,3,4,1,1,5,0.15,486.39
42,60,4410,4,2,2,1,1,4,0.27,661.42
38,73,3410,4,4,3,0,1,1,0.13,396.76
63,6,3040,5,3,2,0,0,2,0,266.16
24,13,2870,3,1,2,0,1,4,0.13,291.41
32,69,3690,5,4,1,1,1,1,0.25,505.33
29,104,2210,6,6,3,1,1,3,0.12,421.31
46,42,3290,7,4,4,0,1,4,0,368.38
39,36,2950,7,0,2,1,1,5,0.01,420.07
25,98,1820,5,1,2,0,1,4,0.05,332.02
25,68,3090,6,1,3,1,1,2,0.11,331.89
47,78,4160,5,3,2,0,1,1,0.1,555.01
31,50,3010,4,1,1,0,1,5,0.14,269.6
42,58,2990,7,0,4,1,0,4,0,433.87
24,112,3420,7,3,1,1,1,4,0.13,660.52
20,56,3050,6,1,3,1,1,4,0.13,399.03
50,23,2950,0,3,2,0,0,1,0,249.41
25,44,2680,3,4,3,1,1,2,0.2,433.03
67,118,2880,2,2,3,1,1,4,0.01,660.92
59,102,1910,3,1,2,0,1,1,0.01,548.49
31,51,3420,2,0,3,0,1,5,0.12,516.31
51,117,3290,5,2,4,0,1,5,0.14,639.84
45,66,4240,3,2,3,1,1,2,0.17,552.99
62,39,3110,5,1,1,1,1,1,0.23,475.71
30,8,3580,9,3,3,1,1,3,0.22,300.35
46,23,4080,6,3,1,0,1,5,0.26,521.2
59,108,2920,3,2,1,0,1,4,0.23,641.85
32,103,3650,6,0,2,1,1,3,0.21,421.31
51,89,3680,3,2,3,0,1,5,0.1,500.5
22,30,1690,4,0,3,0,1,4,0.02,117.2
66,46,3370,4,2,4,0,1,3,0.27,596.7
55,97,3240,6,2,3,0,0,4,0,582.17
27,91,2330,0,2,1,0,1,4,0.04,386.52
48,18,2590,11,3,2,1,0,4,0,212.84
41,94,3160,6,2,2,0,1,4,0.23,476.25
38,27,2890,4,2,4,0,1,3,0.16,360.31
39,49,2830,2,2,3,1,1,1,0.2,402.45
19,19,2810,5,2,2,1,1,4,0.04,355.58
43,34,2190,3,1,2,1,1,3,0.22,489.49
36,109,3850,7,1,4,0,0,4,0,467.4
36,20,3310,5,2,3,0,1,4,0.15,245.63
24,110,2440,4,1,3,1,1,1,0.17,508.31
57,97,2560,6,3,3,1,1,3,0.09,466.09
55,58,3140,6,0,4,0,1,4,0.17,496.02
54,76,3430,8,1,4,0,1,1,0.12,402.39
58,49,3390,3,1,1,1,1,4,0.04,427.61
43,54,3130,6,3,4,1,1,3,0.11,487.11
22,75,3030,5,1,3,0,1,5,0.11,564.14
19,59,3460,4,1,2,0,1,4,0.21,366.79
67,59,3520,9,1,2,1,1,4,0.06,637.73
57,35,2580,3,1,4,0,0,3,0,235.13
45,35,3660,4,2,3,1,0,2,0,403.15
53,50,3490,6,3,4,0,0,5,0,474.93
47,63,3780,7,1,2,1,1,3,0.3,556.56
60,84,4580,3,2,4,0,0,1,0,345.53
31,46,3090,5,1,3,0,1,2,0.29,212.66
49,81,3240,4,2,1,1,1,5,0.25,561.88
55,10,3430,4,2,2,1,1,4,0.15,307.26
69,10,2640,4,3,1,0,1,1,0.19,341.93
67,98,3660,8,1,2,0,1,3,0.22,796.53
48,76,3220,7,3,2,1,1,4,0.07,521.77
58,74,2310,4,1,4,1,1,3,0.02,611.97
66,117,3500,3,3,2,0,0,4,0,481.54
48,22,3300,3,1,2,0,1,2,0.11,286.99
57,88,2610,5,1,1,0,1,1,0.15,702.64
65,48,4110,6,6,4,0,1,5,0.21,511.94
48,23,2710,6,1,4,1,0,5,0,525.1
62,111,2620,4,2,2,0,1,4,0.07,425.57
47,70,3160,6,1,1,1,1,4,0.23,400.94
54,92,3090,3,1,3,0,1,4,0.11,456.64
40,101,3380,6,3,1,1,1,4,0.06,614.5
19,83,1420,4,1,2,1,1,4,0.2,309.97
30,63,4290,3,4,4,1,0,4,0,540.36
34,119,2360,7,1,1,1,1,3,0,503.2
64,7,2150,7,0,4,1,1,3,0.29,645
36,5,3690,6,3,2,0,0,4,0,155.16
61,13,4020,4,1,1,1,1,4,0.1,506.1
19,56,3840,3,1,1,1,1,4,0.16,691.42
60,108,4140,3,1,1,0,1,4,0.29,648.47
66,89,3770,11,3,1,1,1,5,0.12,526.79
33,67,2460,12,2,2,1,1,4,0.17,595.95
60,61,2770,6,1,1,1,0,5,0,452.22
66,59,1870,5,2,2,1,1,4,0.01,574.48
29,53,2660,6,3,1,0,0,5,0,250.47
45,48,2850,3,3,1,0,0,2,0,337.68
69,59,1380,6,2,1,1,1,5,0.14,444.56
30,85,3850,8,2,1,1,1,3,0.03,466.07
30,56,2110,3,2,3,0,1,3,0.05,341.79
23,39,2670,7,0,1,0,1,4,0.05,194.97
68,14,1780,7,1,3,1,1,4,0.12,504.02
30,70,3350,7,1,1,0,0,4,0,455.47
54,116,3750,1,7,3,0,1,3,0.02,385.98
50,118,2700,4,5,4,0,1,1,0.11,489.06
41,89,2300,8,3,1,0,1,5,0.08,664.77
29,81,3100,3,2,2,1,0,3,0,499.31
31,80,3510,7,3,3,1,1,3,0.04,399.77
48,11,3800,5,1,2,1,1,4,0.18,521.92
38,43,2610,10,2,2,0,1,5,0.26,467.94
34,100,3050,3,3,4,0,1,1,0.2,419.07
64,79,3090,2,5,4,0,1,2,0.09,437.03
24,115,2730,5,2,3,0,1,2,0.14,528.71
36,22,4150,4,2,4,1,1,5,0.03,353.5
64,67,3760,3,3,3,0,0,5,0,321.71
64,14,4280,6,3,2,1,1,4,0.21,566.34
43,113,3200,3,1,1,0,1,4,0,553.48
55,15,3400,5,1,3,1,1,5,0.25,526.68
58,20,2480,6,0,4,0,1,1,0.06,348.72
51,6,2610,8,1,3,0,1,1,0.26,429.95
25,61,2400,7,4,4,1,1,1,0.03,294.46
38,106,3320,9,3,4,0,1,4,0.25,681.37
40,10,3260,4,3,4,0,0,3,0,344.43
50,77,2930,4,5,3,0,1,2,0.15,410.23
68,38,3450,1,1,4,1,1,1,0.27,547.89
54,48,3720,5,2,2,1,1,5,0.01,579.07
34,75,2490,5,0,1,0,1,2,0.11,493.45
62,107,3870,5,1,2,0,1,4,0.17,760.21
24,80,3060,5,1,2,0,1,3,0.14,615.45
35,64,3130,4,2,4,0,1,4,0.02,405.15
53,56,3700,4,2,2,1,1,5,0.18,557.63
64,66,3280,2,3,3,0,1,4,0.21,616.08
39,77,1750,5,1,3,1,1,3,0.23,373.83
53,91,3660,3,2,2,0,1,5,0.22,584.27
54,33,2220,2,1,1,1,1,5,0.18,486.22
62,41,2980,5,4,4,0,1,4,0.01,542.5
19,22,3530,5,3,4,1,1,5,0.19,384.52
35,4,4100,7,1,2,0,0,3,0,181.69
22,91,2980,3,1,2,1,0,2,0,637.31
22,108,3550,3,2,1,0,1,3,0.22,635.51
55,56,2970,7,2,3,1,1,2,0.12,534.42
47,3,2150,8,2,3,1,1,5,0.09,348.29
47,71,4130,1,4,3,0,1,4,0.19,419.39
21,76,3310,6,0,4,1,1,4,0.23,522.88
45,64,2930,4,3,2,1,1,4,0.23,407.38
57,65,940,5,2,4,0,1,2,0.16,356.11
55,59,2560,5,3,3,0,1,4,0.28,454.22
59,55,3590,3,2,3,0,0,4,0,341.91
53,100,4280,5,6,1,0,1,3,0.14,408.01
39,114,2190,4,4,1,0,1,4,0.15,315.79
67,8,4160,8,2,2,1,1,5,0.1,294.63
68,108,2840,6,2,1,0,1,3,0.25,630.58
36,71,1970,7,3,2,0,0,4,0,273.26
47,78,4060,6,3,4,1,1,3,0.28,539.01
64,15,4310,5,0,1,1,1,2,0.07,371.02
36,4,2910,7,1,3,1,1,4,0.01,321.45
51,71,1940,11,5,2,1,1,2,0.14,347.62
55,27,3430,4,2,4,1,1,2,0.02,391.22
33,23,1370,4,1,4,0,1,5,0.18,279.75
48,18,3510,5,3,4,1,1,3,0.13,334.47
54,34,2230,5,2,2,0,1,4,0.09,337.45
57,93,2320,7,4,3,1,1,3,0.25,451.34
67,39,3320,3,1,3,1,1,3,0.07,473.14
40,45,2850,3,4,2,0,0,1,0,217.61
46,28,2370,1,0,4,0,1,2,0.28,342.18
48,101,1640,0,2,1,0,1,5,0.01,409.58
41,78,2190,6,1,3,1,1,4,0.27,448.94
25,119,3220,4,0,4,0,0,4,0,495.69
28,33,3380,1,1,4,0,1,1,0.22,311.87
64,69,2520,2,2,4,0,1,4,0.18,616.7
55,24,3880,4,3,4,1,1,1,0.17,457.71
41,49,2710,6,1,4,0,0,3,0,345.83
32,14,2190,9,2,3,0,0,3,0,342.75
69,26,2990,4,1,4,0,1,1,0.15,483.76
59,113,2400,4,2,3,0,1,4,0.02,406.59
55,61,4130,6,6,3,1,1,4,0.13,172.7
33,113,3150,7,6,4,1,1,4,0.16,605.31
19,59,3320,3,2,1,0,1,4,0.08,275.67
28,59,1910,9,1,2,0,1,4,0.09,346.94
63,21,2880,4,3,1,0,1,2,0.21,445.45
36,29,2140,6,2,4,1,1,4,0.06,647.67
32,80,1650,4,1,2,0,1,5,0.23,437.73
36,89,4050,4,2,1,0,1,4,0.24,527.26
35,53,2630,5,2,3,1,1,4,0.11,309.73
24,83,3700,4,1,3,0,1,2,0.21,535.71
26,26,3130,1,2,2,1,1,5,0.08,241.96
33,21,2830,4,2,1,0,1,3,0.26,302.68
24,46,2500,3,1,2,1,1,5,0.02,386.25
24,28,3430,8,3,3,0,1,4,0.28,394.93
19,72,1920,6,1,3,1,1,3,0.01,458.29
38,7,2660,4,1,3,0,0,2,0,212.4
52,74,2400,4,5,2,0,1,3,0.18,419.7
35,82,2770,3,4,2,1,1,2,0.3,439.72
49,85,3590,3,3,2,1,1,2,0.27,533.41
26,61,1580,4,0,1,0,1,4,0.28,220.52
45,56,3660,4,0,2,1,1,5,0,368.72
52,31,3240,5,0,3,0,1,3,0.02,396.34
68,40,4160,5,3,4,1,0,3,0,362.66
69,27,3860,5,0,4,1,1,4,0.07,323.94
30,31,2190,5,2,2,1,1,3,0.23,555.37
38,114,3280,11,1,3,1,1,5,0.11,610.04
62,78,3210,5,1,3,0,1,4,0.17,425.65
58,63,5020,1,1,1,0,1,3,0.02,595.37
65,29,3140,6,1,2,0,1,3,0.08,332.1
43,14,2410,4,2,1,1,1,5,0.1,260.82
60,48,3440,4,0,2,0,1,4,0.18,416.57
35,81,2340,1,1,1,0,1,1,0.08,446.3
19,2,3770,4,2,1,0,0,2,0,181.06
38,4,4770,4,2,4,1,1,1,0.28,469.3
36,64,2030,6,4,4,0,1,4,0.16,403.51
65,38,3130,7,1,3,1,1,3,0.25,767.93
23,9,3100,6,2,1,1,0,4,0,271.19
29,33,3570,6,1,1,0,1,4,0.21,448.09
24,52,3230,2,2,2,0,0,1,0,257.87
30,32,2360,6,3,2,1,1,3,0.21,142.68
69,43,1580,6,3,3,0,1,5,0.11,415.93
62,73,1360,4,1,3,1,1,2,0.21,500.28
22,25,1870,5,2,1,0,1,2,0.14,355.37
20,115,2500,5,4,4,0,1,5,0.15,510.7
57,90,2350,5,1,3,1,1,4,0.28,559.7
59,98,2150,4,3,4,1,1,4,0,639.29
27,32,2740,7,4,3,1,1,4,0.28,296.34
40,48,3450,3,2,2,0,1,3,0.26,610.83
54,50,5020,6,3,3,0,1,5,0.08,506.95
65,19,3340,6,3,4,1,1,5,0.25,421.65
45,75,2820,6,1,3,0,0,3,0,300.14
35,40,1640,4,3,4,0,1,3,0.01,288.36
62,98,3150,5,3,2,0,1,1,0.21,513.12
33,94,2970,4,0,3,0,0,4,0,497.37
48,28,4870,8,1,1,1,1,3,0.28,475.21
35,30,2240,1,1,3,0,1,1,0.13,477.45
58,96,3040,4,2,1,0,1,2,0.07,544.24
22,33,4060,3,4,4,0,1,5,0.09,433.58
42,10,3040,10,2,2,1,1,4,0.21,284.83
53,41,3320,3,1,1,1,1,5,0.02,483.75
29,70,3360,2,1,4,0,0,4,0,442.64
49,114,4300,4,1,1,0,1,2,0.02,592.13
37,106,1880,4,1,1,1,1,1,0.12,176.4
54,19,3290,7,1,2,1,1,3,0.29,453.6
32,42,2200,4,3,4,0,1,4,0.27,254.85
19,90,2610,8,0,1,1,1,4,0.02,370.38
29,45,2270,4,1,2,1,1,5,0.18,438.87
68,56,3240,4,0,4,0,0,3,0,453.01
29,55,3730,5,3,1,0,1,2,0.24,433.71
62,31,3130,3,2,1,0,1,5,0.08,393.69
52,100,4600,11,3,2,0,1,5,0.26,597.69
63,55,3270,10,3,4,1,1,5,0.27,652.86
52,95,1730,4,0,2,1,1,3,0.11,422.97
68,79,3140,9,2,1,1,1,5,0.03,466.16
33,104,1520,7,0,4,1,1,3,0.01,489.94
48,35,3110,3,3,1,1,1,5,0.16,296.72
62,8,2810,5,3,1,1,1,2,0.23,359.68
33,49,2870,3,4,4,1,1,4,0.24,549.89
48,72,3370,3,2,1,0,1,4,0.03,370.72
22,94,3250,7,1,3,1,1,1,0.03,509.22
66,91,4040,4,2,1,0,1,4,0.17,629.3
38,14,3240,6,2,1,0,1,3,0.22,353.6
36,84,2350,9,3,3,0,1,2,0.06,440.81
50,112,3020,5,2,2,0,1,4,0.1,394.96
18,8,2230,3,2,2,0,0,3,0,211.46
61,94,3110,3,1,2,0,1,4,0.26,366.8
22,49,3730,5,3,4,1,1,5,0.03,283.26
32,26,1500,4,4,1,1,1,4,0.02,209.4
34,60,3100,3,3,4,1,1,3,0.21,543.34
55,108,2910,5,2,3,1,1,2,0.3,534.97
25,103,2900,3,1,3,1,1,5,0.04,412.95
51,69,1800,4,2,2,0,1,4,0.07,321.83
51,117,2350,3,1,2,0,1,2,0.14,500.4
61,14,2270,1,2,1,0,0,4,0,300.83
53,110,1840,1,1,2,1,0,1,0,445.95
53,51,3160,4,2,2,1,0,3,0,322.47
51,3,2520,4,0,4,0,1,5,0.11,483.56
34,67,2640,9,1,3,1,1,3,0.19,644.41
51,70,3460,5,1,2,1,1,5,0.24,499.53
25,118,3990,3,1,2,1,1,3,0.19,508.74
39,61,2240,2,5,4,0,1,4,0.01,470.03
66,118,4230,2,2,4,0,1,4,0.29,827.93
57,100,2950,8,2,2,0,1,3,0.06,513.77
49,86,1640,3,5,2,0,1,3,0.16,384.78
33,54,2800,5,1,3,1,1,4,0.22,431.93
66,80,2690,4,4,4,0,1,2,0.1,455.35
61,99,3090,5,1,2,0,1,4,0,522.2
47,19,2680,5,2,1,1,1,2,0.28,457.8
69,79,3170,7,2,2,0,1,3,0.23,562.15
23,71,4250,4,2,3,0,1,4,0.1,588.89
45,88,2670,4,6,2,0,1,2,0.3,456.98
49,7,3100,8,2,3,0,0,4,0,331.48
56,59,4270,4,4,2,0,1,4,0.13,593.54
53,32,4250,6,2,2,0,1,3,0.09,643.46
58,1,2270,9,1,2,0,1,3,0.03,447.05
40,68,2140,4,4,4,1,1,4,0.17,434.21
54,88,2340,3,2,1,1,1,4,0.05,415.34
64,80,3200,1,1,2,0,1,3,0.06,343.74
22,43,1550,2,4,4,0,0,4,0,301.61
44,86,3270,5,0,1,0,1,2,0.22,520.48
18,117,3490,2,4,3,0,1,4,0.1,513.64
62,56,1680,4,1,3,0,1,4,0.09,329.87
44,118,4930,5,1,4,0,1,2,0.03,692.63
36,51,4170,2,1,3,1,0,2,0,501.64
44,89,2920,1,4,3,1,1,3,0.23,477.13
64,103,3240,10,0,4,0,1,1,0.12,518.56
32,105,3350,3,1,1,1,1,2,0.23,498.35
56,109,3120,2,1,4,0,1,2,0.11,630.22
32,62,2210,6,2,3,0,1,4,0.05,397.85
51,5,1900,5,1,1,1,0,4,0,326.37
55,64,2040,8,0,3,0,1,3,0.19,288.34
34,111,2570,5,2,3,0,1,4,0.21,521.01
69,80,2930,7,3,2,1,1,2,0.12,547.43
20,16,5150,8,0,4,0,1,2,0.11,319.86
33,108,1810,1,0,4,1,1,3,0.13,496.62
53,112,3930,7,2,3,0,1,1,0.02,642.95
42,72,1820,4,3,1,0,1,3,0.18,432.42
28,3,1670,5,2,4,1,1,4,0.25,263.53
57,99,3300,8,1,3,0,1,4,0.05,713.48
64,33,3150,7,0,1,1,1,3,0.02,541
46,68,2590,6,2,4,0,1,2,0.13,502.33
48,103,3450,11,3,1,0,1,3,0.29,679.32
55,18,3050,6,0,1,1,1,1,0.26,427.83
44,78,3490,7,1,3,1,1,5,0.15,511.75
67,3,1680,4,4,4,1,1,4,0.1,378.73
29,13,2860,3,1,1,0,1,5,0.26,388.48
69,18,4140,7,3,4,1,0,4,0,426.6
49,27,3930,3,0,2,0,1,3,0.18,324.33
27,8,4370,8,0,4,0,1,4,0.05,485.9
34,85,3690,4,1,3,0,1,5,0.24,463.46
29,35,3020,3,1,4,1,0,3,0,357.13
59,61,3540,4,2,3,1,1,5,0.16,452.35
45,29,2530,6,8,1,0,1,3,0.24,281.69
53,81,3300,5,4,2,0,1,3,0.28,534.29
55,95,4500,3,2,1,0,1,2,0.12,599.58
33,65,2240,5,0,4,1,1,4,0.22,552.54
37,6,3370,4,2,4,1,1,3,0.14,304.95
20,82,2770,4,0,4,1,0,4,0,529.12
25,113,2130,2,4,3,1,1,4,0.1,379.11
59,62,3620,9,0,3,1,1,3,0.23,510.12
38,59,3250,3,2,4,0,1,3,0.17,511.3
27,41,2910,6,2,1,1,1,3,0.17,270.03
62,24,3550,7,4,4,1,1,3,0.13,441.8
18,48,3100,4,3,3,0,1,1,0.03,351.86
60,44,2040,3,1,3,1,1,2,0.18,522.37
36,102,4460,8,2,1,0,0,1,0,488.75
68,98,3450,8,0,3,0,1,3,0.07,427.92
25,86,3110,6,2,1,1,0,5,0,508.47
66,35,1790,11,3,3,0,1,5,0.03,315.85
32,93,4020,5,2,3,0,0,4,0,529.18
25,94,2510,3,2,1,1,1,1,0.22,584.94
57,64,1640,8,3,4,1,1,2,0.16,463.37
22,61,2580,6,1,1,1,1,5,0.08,453.29
18,98,4020,10,1,1,0,1,4,0.14,435.02
43,28,2310,5,3,4,1,1,4,0.21,584.7
39,99,4290,2,3,3,0,1,5,0.09,482.06
46,4,3760,5,2,1,1,1,3,0.3,377.6
18,81,3150,8,2,4,1,1,4,0.19,376.6
69,56,3270,2,0,2,0,1,1,0.01,310.37
60,96,4250,3,1,3,0,1,4,0.16,574.96
62,107,3350,4,2,1,1,1,1,0.14,751.28
53,39,2570,4,0,1,1,1,3,0.13,429.97
64,58,2460,6,0,2,1,0,3,0,322.79
30,101,1650,7,3,1,1,1,2,0.29,552.99
52,41,3390,5,4,4,1,1,1,0.27,523.35
53,1,2820,5,2,1,1,1,3,0.14,470.69
55,101,2680,2,2,4,1,1,4,0.22,679.69
67,16,3950,3,2,2,0,1,4,0.05,533.88
53,53,2590,5,3,2,1,1,1,0.19,616.25
69,29,3040,8,2,1,0,1,5,0.07,522.18
65,86,2770,7,1,3,0,1,5,0.04,692.11
60,99,2580,5,0,1,0,1,2,0.06,378.45
50,77,2110,3,7,2,1,1,3,0.08,404.64
35,15,3240,3,2,1,1,1,1,0.26,261.92
51,33,1650,6,0,4,1,1,2,0.23,598.45
44,59,3050,6,1,1,0,0,1,0,278.87
61,63,2650,3,3,3,0,1,4,0.08,480.43
68,48,3650,7,1,2,1,1,4,0.27,664.81
59,55,2600,7,0,2,0,1,2,0.27,407.79
25,81,1710,3,1,2,1,1,3,0.19,347.12
26,96,4030,6,2,3,0,1,2,0.15,508.16
68,17,2150,3,3,1,0,1,5,0.21,449.45
21,37,2910,1,3,3,0,1,4,0.17,336.67
19,74,3930,5,1,3,0,1,3,0.07,509.53
68,97,2010,6,1,4,1,1,3,0.05,623.28
32,106,3750,4,1,1,1,1,1,0.2,536.16
33,37,3160,4,3,1,0,1,5,0.05,331.74
66,119,1830,5,6,1,1,1,2,0.07,476.45
42,95,2920,3,4,2,0,0,5,0,339.99
52,22,3500,3,0,3,1,1,3,0.18,458.87
60,106,2610,2,1,2,1,1,3,0.08,727.94
28,66,2960,4,2,3,0,1,5,0.24,313.03
48,12,2370,7,0,4,1,1,2,0.16,398.28
66,8,3100,4,1,4,0,1,4,0.04,471.47
43,93,2840,4,2,1,0,1,3,0.09,532.77
32,74,3210,4,0,2,0,0,5,0,346.68
62,80,2990,4,4,2,1,1,4,0.22,580.34
30,118,2050,11,3,3,1,1,3,0.29,477.34
25,15,3160,6,1,1,1,1,4,0.03,250.75
23,89,3710,5,2,2,1,0,2,0,493
18,115,2150,10,2,2,1,1,1,0.26,701.58
63,99,3760,4,3,1,1,1,4,0.24,684.48
33,38,3130,4,2,2,0,1,4,0.21,416.26
25,80,2240,4,3,3,1,1,2,0.18,389.44
18,33,3560,4,3,4,1,1,5,0.1,400.2
31,35,4240,4,5,4,0,1,5,0.11,454.54
43,29,3330,2,4,2,0,1,4,0.13,531.7
59,47,3360,5,2,3,0,1,5,0.25,670.87
51,88,3930,4,5,4,0,1,4,0.1,578.28
40,83,2770,4,3,3,0,1,1,0.17,547.41
43,81,2890,7,3,4,1,1,3,0.07,356.01
66,38,3480,6,3,1,0,1,5,0.24,548.42
58,78,1910,3,2,3,1,1,4,0.21,335.59
68,65,2080,3,2,4,1,1,1,0.03,547.11
40,68,2810,2,2,1,0,1,3,0.11,315.31
37,102,3830,4,3,3,0,0,4,0,559.07
29,75,2800,3,0,3,1,1,3,0.22,481.75
23,76,2680,4,1,2,0,1,3,0.18,509.5
36,106,3250,5,1,3,0,1,1,0.11,550.43
30,69,2550,1,0,1,0,0,2,0,302.86
25,7,2870,8,1,3,1,1,3,0.15,281.72
39,1,1260,4,4,4,0,0,4,0,135.94
30,19,2530,6,1,2,0,1,1,0.29,575.64
37,41,2730,4,3,3,0,1,1,0.18,389.06
50,75,4460,3,5,1,0,1,2,0,467.81
52,17,4340,6,1,2,1,0,4,0,337.24
23,18,3310,2,0,1,0,1,1,0.1,148.28
37,87,2370,2,4,4,0,0,5,0,434.19
58,21,4210,2,2,1,1,1,2,0.29,414.88
40,77,2750,4,4,2,1,1,4,0.17,415.44
46,21,3410,6,3,1,1,1,5,0.01,469.36
55,78,2780,7,1,2,0,1,3,0.06,469.99
51,68,3220,2,2,2,0,0,4,0,159.86
69,94,3330,3,4,4,0,1,1,0.2,554.12
67,90,4150,6,4,4,1,1,3,0.24,701.38
25,57,2510,6,3,4,0,1,4,0.05,232.02
33,4,3260,7,1,1,1,1,4,0.06,290.75
41,84,2770,6,0,3,0,1,3,0.15,686.38
38,117,3000,5,4,3,1,1,4,0.2,500.41
42,55,3160,6,2,4,0,1,4,0.02,366.29
48,100,4140,2,3,3,1,0,4,0,434.28
30,37,3020,4,3,1,1,1,5,0.27,333.88
32,106,3120,3,1,2,0,0,3,0,337.05
22,56,3830,9,2,4,1,1,4,0.15,596.22
41,96,3790,4,3,2,1,1,4,0.27,579.98
61,97,4810,3,3,1,0,1,4,0.13,523.17
60,17,3640,5,2,3,1,1,4,0.13,427.4
18,3,2430,6,4,3,0,1,5,0.17,378.04
31,76,3580,5,4,2,1,1,4,0.12,412.42
18,30,1380,3,4,1,1,1,4,0.23,453.85
20,17,2060,5,1,2,0,1,4,0.25,386.47
29,16,3330,7,2,3,1,1,1,0.14,545.24
30,71,2260,5,2,4,1,0,5,0,415.27
27,79,3160,10,3,4,0,1,4,0.16,656.97
25,71,2130,3,1,1,0,1,4,0.26,387.23
43,79,3480,8,2,4,1,1,5,0.29,524.3
23,106,2020,7,3,1,0,1,2,0,444.87
67,86,1320,7,5,3,0,1,3,0.11,493.46
56,87,3500,6,4,1,1,0,4,0,463.29
41,90,2540,3,3,1,1,0,2,0,416.43
50,102,2520,3,2,4,1,1,5,0.06,686.32
34,81,2180,9,3,3,1,1,3,0.2,480.58
25,70,2670,0,1,2,1,1,4,0.17,481.61
64,69,2960,7,2,1,0,1,1,0.08,338.79
38,5,3960,5,1,1,1,0,1,0,297.8
61,49,1390,4,4,4,0,1,5,0.15,428.85
35,64,2850,7,1,1,1,1,5,0.15,366.67
61,44,3590,3,2,4,0,1,3,0.13,338.84
34,80,3550,5,4,2,0,1,3,0.14,611.79
50,109,4150,3,7,1,1,0,2,0,383.49
25,4,2110,4,1,3,0,1,4,0.18,317.89
57,95,2660,5,1,1,0,1,3,0.24,557.51
33,24,2390,7,1,4,1,1,1,0.24,388.61
45,21,2960,7,3,3,0,1,3,0.09,478.91
32,54,1450,4,0,3,1,1,5,0.13,243.63
47,93,2720,6,3,2,1,0,1,0,248.42
51,70,2160,1,2,2,0,1,1,0.22,416.92
33,82,3880,2,2,2,0,0,3,0,381.11
44,93,2480,5,1,1,0,1,5,0.23,517.29
46,88,2660,0,4,1,1,0,2,0,405.97
44,105,3200,4,1,1,0,1,5,0.11,701.45
33,71,2440,5,5,1,0,1,3,0.27,312.5
33,2,3440,4,2,3,0,1,4,0.24,551.72
39,42,2590,5,3,3,0,1,1,0.12,578.44
43,46,3480,5,1,4,0,1,2,0.18,330.32
44,107,3390,10,2,2,1,1,3,0.23,605.08
69,29,3600,5,4,3,1,1,4,0.1,470.13
35,107,3200,4,5,4,0,1,5,0.16,457.83
58,73,4770,6,1,1,1,1,4,0.22,566.92
63,21,2680,3,2,4,0,1,4,0.2,633.47
65,47,2510,2,1,2,1,1,4,0.2,314.76
67,75,2030,7,1,1,1,1,2,0.17,336.82
30,79,1960,6,2,3,0,1,5,0.25,381.54
43,19,3000,5,0,1,0,1,4,0.11,355.3
61,91,2380,3,4,2,1,1,3,0.11,642.09
30,103,1940,2,2,1,0,1,1,0.09,321.39
24,5,3130,3,4,4,0,1,2,0.25,272.46
43,63,3140,3,1,2,0,1,2,0.12,191.73
47,17,3140,4,0,3,0,1,4,0.02,432.21
60,108,3050,2,2,3,1,1,2,0.02,520.15
35,110,2600,4,2,1,0,1,2,0.03,327.49
69,4,3070,4,4,2,1,1,2,0.28,577.65
57,7,2010,8,0,4,1,0,4,0,328.18
45,71,4250,4,1,3,0,1,5,0.27,657.43
33,41,3640,5,3,4,1,1,4,0.23,391.45
39,51,3080,2,0,4,1,1,4,0.04,219.3
66,9,3030,5,1,2,0,1,4,0.17,433.42
19,4,3440,7,3,1,1,1,3,0.26,615.35
41,15,3890,4,1,2,0,1,2,0.09,408.06
47,28,4320,4,1,1,1,1,5,0.29,351.46
40,104,3020,5,1,2,0,1,4,0.28,591.85
41,91,2580,5,2,4,1,0,1,0,400.92
37,110,2410,4,5,4,1,1,5,0.09,437.97
37,82,3620,3,1,3,0,0,2,0,302.72
21,59,2150,5,5,1,1,1,5,0.04,424.41
36,11,2040,3,1,3,0,0,3,0,358.16
48,60,3360,7,4,2,0,1,3,0.01,462.57
19,30,3260,3,0,3,0,1,3,0.17,425.18
51,79,2320,0,1,3,0,1,4,0.22,492.82
35,5,3690,6,2,3,0,1,5,0.23,448.96
47,75,4230,3,2,4,1,1,4,0.1,533.25
60,57,4510,4,1,3,0,1,2,0.19,524.88
26,77,2970,3,1,3,1,1,4,0.11,437.86
40,43,2760,1,1,1,1,1,3,0.01,382.07
63,83,3960,5,1,3,1,0,3,0,389.44
24,33,3270,8,1,1,0,1,2,0.28,461.88
64,44,2080,1,3,2,1,1,4,0.17,327.98
46,23,2710,6,0,3,1,1,1,0.07,290.51
47,72,3840,5,3,3,0,1,1,0.01,441.07
39,84,2680,7,3,3,1,1,3,0.08,430.4
65,41,2970,4,6,4,1,1,2,0.27,508.78
21,69,3330,6,0,4,1,1,4,0.15,455.43
39,93,2640,7,4,2,1,1,3,0.28,742.8
45,20,1250,10,2,2,1,1,3,0.06,395.98
26,50,3670,7,6,3,1,1,1,0.11,452.84
34,107,3200,2,1,3,0,1,3,0.08,450.21
48,59,3120,7,4,1,1,1,3,0.26,422.09
62,115,2270,5,2,2,1,1,4,0.22,723.41
66,94,1690,8,1,1,0,1,4,0.24,524.65
20,89,3710,7,2,2,1,1,3,0.07,621.08
66,101,1690,6,2,2,1,1,2,0.25,501.21
20,19,2170,5,1,3,1,0,5,0,278.76
33,28,3470,4,4,3,1,1,4,0.01,320.06
34,9,3520,10,2,2,1,1,4,0.26,502.9
44,116,2220,8,3,4,0,0,4,0,593.72
26,26,3270,5,3,1,1,1,2,0.19,443.4
27,81,3380,10,4,3,1,1,2,0.28,603.09
59,79,3620,6,4,2,1,1,5,0.18,627.23
45,54,2970,1,2,1,1,1,1,0.23,389.78
41,90,3380,8,2,2,1,1,4,0.28,649.07
31,45,2010,9,0,4,1,1,4,0.16,480.72
28,59,2340,2,2,3,0,1,4,0.1,386.02
68,77,3420,3,2,3,0,1,5,0.14,626.55
28,38,3020,4,2,4,1,1,2,0.13,378.31
66,27,3520,5,2,1,0,1,5,0.2,460.25
46,34,2880,6,2,3,0,1,3,0.14,483.81
35,45,2210,6,1,3,0,1,3,0.08,406.42
33,117,3230,8,5,4,1,1,4,0.08,511.81
69,11,1900,2,0,1,0,1,4,0.2,399.93
34,102,3600,5,0,1,1,1,5,0.26,571.54
54,85,4610,5,1,3,1,1,3,0.12,719.37
64,45,4760,6,6,4,1,1,2,0.1,661.02
36,1,5070,6,5,3,1,1,4,0.14,479.87
50,78,2560,7,3,4,1,1,4,0,580.22
24,23,2810,8,1,4,1,0,4,0,270.25
46,46,4080,9,0,4,0,1,4,0.05,431.88
58,102,2800,5,4,3,1,0,3,0,661.37
53,91,2260,2,2,3,0,1,4,0.05,388.35
61,99,4490,6,2,3,0,1,4,0.12,671.56
61,65,1990,7,0,4,0,1,3,0.29,566.72
20,61,2110,2,1,1,1,1,3,0.08,320.86
46,43,2570,8,3,3,0,1,4,0.08,350.48
33,116,2310,6,2,1,0,1,2,0.15,649.03
44,63,2560,1,2,1,0,0,5,0,244.34
34,97,3610,6,0,4,0,1,4,0.12,596.71
62,108,2060,4,3,3,0,1,4,0.07,395.05
19,51,3450,5,4,1,1,0,1,0,484.79
45,113,2200,7,0,1,1,1,5,0.02,612.59
30,64,1360,6,2,2,1,1,4,0.14,435.21
21,21,4060,8,3,2,1,1,1,0.19,370.02
68,27,2870,9,2,3,0,0,3,0,232.55
29,71,1910,4,1,4,1,1,4,0.01,212.34
33,12,2880,2,1,1,0,1,4,0.26,306.13
46,60,2000,8,2,1,1,1,2,0.12,450.46
48,2,3390,6,2,4,0,0,4,0,309.78
32,34,3000,2,2,1,0,1,3,0.21,152.66
18,40,3720,8,3,3,0,1,1,0.17,389.34
62,112,2870,4,1,3,0,1,5,0.23,681.66
34,108,4070,4,3,2,0,1,4,0.04,386.75
48,112,2030,6,2,4,0,0,4,0,744.57
46,66,2230,5,3,1,1,1,2,0.27,527.68
36,52,3030,3,0,4,0,1,4,0.27,458.61
34,85,3300,6,1,1,0,1,4,0.02,482.01
21,107,3020,6,4,4,0,1,1,0.11,459.08
63,109,2070,9,5,1,0,1,1,0.04,482.24
66,61,2770,3,1,4,0,1,3,0.06,631.32
41,56,1880,4,4,3,0,0,5,0,237.34
49,12,2840,5,3,3,0,1,5,0,288.15
45,117,3270,5,4,2,0,1,3,0.04,433.41
58,68,2800,3,4,3,1,1,1,0.08,480.81
69,20,1980,3,3,3,0,1,5,0.25,394.47
45,63,3230,5,1,1,0,0,5,0,457.58
41,119,3380,8,3,1,0,1,5,0.11,446.79
26,10,2360,6,2,3,0,1,4,0.09,302.26
64,72,2170,1,1,2,1,1,3,0.27,485.58
59,71,3740,6,1,4,0,1,2,0.17,554.85
43,76,3770,5,1,4,0,1,4,0.27,576.76
18,34,3860,4,2,3,0,1,3,0.06,407.39
69,87,3310,6,1,3,1,1,2,0.13,661.3
60,67,3190,5,0,2,1,1,5,0.3,537.37
51,106,2230,3,1,3,1,1,2,0.17,318.02
68,44,3750,4,1,3,1,1,4,0.05,607.56
49,65,2150,4,1,1,0,1,5,0.13,282.12
25,35,2080,4,0,4,1,1,4,0.29,249.88
35,71,2540,3,2,1,0,1,4,0.15,283.52
60,113,2300,3,2,1,0,1,5,0.23,606.51
32,28,1800,3,3,1,0,1,4,0.04,431.42
69,107,3030,6,4,3,1,1,3,0.07,488.23
60,15,3220,7,1,4,0,1,1,0.28,518.3
26,3,3660,4,0,4,0,1,3,0.19,303.98
45,114,2310,5,1,4,1,1,1,0.1,729.26
53,60,3810,4,4,3,1,1,1,0.11,447.45
28,68,2360,7,1,2,1,1,2,0.2,186.26
59,69,3400,2,4,4,0,1,4,0.03,516.53
39,112,3180,2,2,3,0,1,5,0.01,539.68
44,76,4570,5,2,1,1,1,4,0.03,409.58
49,112,2570,2,3,2,0,0,4,0,356.74
57,89,2980,4,2,3,0,1,4,0.18,614.06
29,23,2910,3,1,1,0,1,5,0.22,252.35
32,44,3130,8,4,1,1,1,3,0.03,389.3
41,87,2890,6,1,1,0,1,4,0.04,433.29
19,90,2740,3,3,2,1,1,4,0.28,390.35
46,59,3690,6,2,2,0,1,5,0.04,449.75
30,101,2800,3,2,3,1,1,2,0.15,246.51
60,32,3210,7,1,2,1,1,5,0.07,605.26
46,19,2050,0,2,1,1,1,3,0.3,318.29
26,82,2780,2,5,4,0,1,3,0.18,207.81
39,72,2970,6,5,3,0,0,4,0,464.11
45,22,2880,5,4,3,0,1,3,0.09,498.59
47,65,2670,6,2,4,0,1,2,0.29,579.87
46,52,3600,2,2,1,0,1,2,0.12,466.52
61,31,2920,5,3,3,1,1,5,0.16,498.96
69,56,2880,4,3,4,0,1,3,0.07,606.96
40,90,1930,4,3,3,1,1,5,0.25,426.44
20,4,2610,7,2,1,1,1,5,0.18,301.72
28,86,1960,7,2,1,1,1,4,0.21,502.88
56,108,2900,2,3,2,1,1,5,0.17,571.83
18,21,3240,2,4,4,0,1,2,0.2,178
65,22,4270,1,2,4,0,1,4,0.01,428.49
59,21,3320,6,5,4,0,1,4,0.09,418.03
30,23,1270,3,2,4,1,1,3,0.21,447.85
25,47,4220,4,2,3,1,1,4,0.16,254.94
49,17,2270,6,2,2,1,1,4,0.2,380.15
33,71,2470,3,5,1,0,1,5,0.28,388.52
45,22,3510,6,1,4,1,1,5,0.02,458.54
59,95,2290,3,4,1,0,1,3,0.1,395.88
30,118,3750,5,3,2,1,1,3,0.18,662.45
51,78,1100,1,2,3,0,1,4,0.1,324.42
65,37,3250,11,2,3,0,1,5,0.29,481.48
57,72,2750,4,3,2,1,1,4,0.28,436.11
32,87,4260,4,3,4,0,1,3,0.18,573.62
64,98,3060,7,0,2,0,1,1,0.25,545.34
63,97,4410,4,0,4,0,1,5,0.21,695.94
20,94,1420,7,3,1,0,1,4,0.19,497.17
40,14,1890,7,2,2,0,1,4,0.24,329.78
35,63,3530,2,1,1,1,1,5,0.09,402.72
23,95,3230,4,1,2,1,0,1,0,336.3
38,9,2900,6,3,4,1,1,2,0.29,282.64
65,24,4090,3,0,1,1,1,4,0.24,535.22
47,14,3230,6,2,1,1,0,4,0,225.97
56,83,2770,6,5,2,0,1,4,0.03,380.34
19,79,2480,4,3,1,1,1,4,0.27,592.82
31,74,3470,6,2,1,1,1,4,0.11,358.62
66,33,3110,6,3,4,0,1,1,0.11,355.34
39,45,2690,7,5,1,0,1,1,0.01,493.65
49,24,2300,4,0,3,1,1,4,0.24,458.73
18,44,3460,3,2,1,1,1,3,0.07,446.49
63,4,2960,4,3,4,0,1,4,0.26,476.59
35,17,3360,9,1,1,1,1,5,0.08,390.85
67,116,2600,3,2,4,1,0,5,0,696.79
63,37,2510,6,1,3,0,0,5,0,432.93
40,3,1880,9,0,3,1,0,2,0,218.93
49,61,2620,7,1,2,0,1,1,0.08,404.62
33,71,3550,4,3,3,0,1,1,0.27,415.09
58,32,2880,4,1,4,0,1,2,0.21,529.15
43,36,2330,3,2,1,0,0,1,0,278.16
64,22,3230,5,2,4,0,1,1,0.15,482.75
54,87,2690,3,6,2,1,1,4,0.06,572.45
45,60,3920,2,3,1,1,1,2,0.29,552.32
30,68,2210,5,2,3,1,1,4,0.02,354.6
27,119,3350,6,4,3,0,1,5,0.05,213.17
45,6,1730,3,1,2,1,1,3,0.08,305.64
21,35,3150,4,4,2,1,0,3,0,91.86
21,83,1840,6,2,3,0,1,4,0.14,418.75
56,89,2890,7,2,4,0,1,2,0.29,616.83
53,84,2530,4,0,3,0,1,3,0.17,542.63
39,117,1690,7,2,3,0,1,1,0.2,645.42
62,5,4510,9,3,3,0,1,3,0.3,572.32
25,26,4060,4,1,2,1,1,2,0.29,430.61
39,29,3040,1,2,1,1,1,5,0.04,324.75
47,57,2360,4,1,4,1,0,5,0,451.12
24,22,3170,7,1,3,0,1,5,0.22,375.2
64,58,3420,5,2,2,0,1,1,0.05,306.02
33,36,2280,5,1,1,0,1,1,0.3,544.75
52,62,3390,4,3,2,1,1,3,0.1,435.95
56,50,4240,7,3,4,1,1,1,0.16,428.83
27,40,4410,5,5,2,1,1,3,0.05,401.31
49,99,4110,3,1,4,0,1,2,0.01,424.3
51,28,2690,6,2,1,0,1,4,0.21,415.43
26,63,2740,4,2,1,0,1,5,0.12,457.54
20,39,2280,4,1,2,0,1,4,0.07,190.32
67,6,3820,5,1,3,0,1,2,0,542.69
49,106,4310,3,2,3,0,1,1,0.27,605.23
33,64,4450,4,1,4,1,1,4,0.22,649.87
62,39,3080,3,3,3,1,1,1,0.15,210.77
60,37,3130,2,4,1,1,1,1,0.13,407.2
37,90,3180,4,3,3,0,1,4,0.2,506.62
46,80,2400,3,2,1,1,1,2,0.26,420.13
37,5,2960,6,2,3,0,0,2,0,212.86
42,13,4070,4,1,2,0,0,3,0,540.96
34,68,3160,1,4,2,1,0,5,0,233.43
60,29,1690,4,2,1,0,1,1,0.09,395.95
55,37,2660,5,2,3,1,1,1,0.06,356.63
31,74,3580,6,2,2,1,0,5,0,368.27
25,54,4210,10,1,3,0,1,1,0.05,290.3
31,10,3650,4,1,4,1,1,4,0.21,543.46
43,48,3690,4,0,3,0,1,4,0.08,482.32
31,24,1860,3,4,3,0,1,4,0.21,192.37
60,115,3700,4,1,4,1,1,3,0.12,594.63
62,61,2500,6,2,2,0,1,1,0.23,391.95
50,32,3320,6,0,3,1,1,2,0.19,502.74
50,13,3300,5,1,4,1,1,1,0.15,229.02
55,10,2110,1,3,2,1,1,4,0.16,412.59
67,19,3520,4,2,2,1,1,5,0.1,683.46
47,109,3740,3,1,1,1,1,1,0.09,582.64
62,102,3290,4,1,3,0,1,3,0.2,770.77
36,45,3010,3,1,3,1,1,4,0.29,457.69
27,51,2110,3,2,3,1,1,3,0.14,529.66
64,83,4610,4,1,1,0,1,2,0.16,717.09
21,88,2230,3,3,1,0,1,4,0.13,328.75
19,13,2500,4,4,1,0,1,3,0.09,243.08
68,47,1650,9,3,4,0,0,4,0,555.05
65,18,2060,2,0,2,1,1,4,0.1,323.9
39,16,4240,2,1,4,1,0,5,0,572.9
